Workbook

Sheet Dashboard
B2: M/V A. STEVEN CROWLEY | G2: Latest entry | H2: =IF($C$29=0,"",IF(INDEX('Daily Log'!A6:A70,$C$29)="","",INDEX('Daily Log'!A6:A70,$C$29))) -> 46318
B3: Daily Fuel Log — Dashboard
B5: TOTAL FUEL ON HAND | D5: ROOM TO FULL | F5: FUEL USED TODAY | H5: DAYS TO 2 TRUCKS
B6: =IF($C$29=0,"",IF(INDEX('Daily Log'!T6:T70,$C$29)="","",INDEX('Daily Log'!T6:T70,$C$29))) -> 82198 | D6: =IF($C$29=0,"",IF(INDEX('Daily Log'!W6:W70,$C$29)="","",INDEX('Daily Log'!W6:W70,$C$29))) -> 9302 | F6: =IF($C$29=0,"",IF(INDEX('Daily Log'!V6:V70,$C$29)="","",INDEX('Daily Log'!V6:V70,$C$29))) -> 895 | H6: =IF(OR($C$29=0,$C$30=""),"",IF($C$30<=0,"—",MAX(0,ROUND((2*$C$31-IF($C$29=0,"",IF(INDEX('Daily Log'!W6:W70,$C$29)="","",INDEX('Daily Log'!W6:W70,$C$29))))/$C$30,1)))) -> 6.4
B7: =IF($C$29=0,"","of "&FIXED($C$32,0)&" gal capacity") -> of 91,500 gal capacity | D7: =IF($C$29=0,"",IF(IF($C$29=0,"",IF(INDEX('Daily Log'!X6:X70,$C$29)="","",INDEX('Daily Log'!X6:X70,$C$29)))=1,"1 truck fits",IF($C$29=0,"",IF(INDEX('Daily Log'!X6:X70,$C$29)="","",INDEX('Daily Log'!X6:X70,$C$29)))&" trucks fit")) -> 1 truck fits | F7: =IF($C$30="","","avg burn "&FIXED($C$30,0)&" gal/day") -> avg burn 895 gal/day | H7: =IF(OR($C$29=0,$C$30=""),"",IF($C$30<=0,"","1 truck: "&IF(IF($C$29=0,"",IF(INDEX('Daily Log'!W6:W70,$C$29)="","",INDEX('Daily Log'!W6:W70,$C$29)))>=$C$31,"fits now",FIXED(MAX(0,($C$31-IF($C$29=0,"",IF(INDEX('Daily Log'!W6:W70,$C$29)="","",INDEX('Daily Log'!W6:W70,$C$29))))/$C$30),1)&" days"))) -> 1 truck: fits now
B9: =IF($C$29=0,"No entries yet — fill in the Daily Log.",IF(IF($C$29=0,"",IF(INDEX('Daily Log'!X6:X70,$C$29)="","",INDEX('Daily Log'!X6:X70,$C$29)))>=2,"ROOM FOR "&IF($C$29=0,"",IF(INDEX('Daily Log'!X6:X70,$C$29)="","",INDEX('Daily Log'!X6:X70,$C$29)))&" TRUCKS — "&FIXED(IF($C$29=0,"",IF(INDEX('Daily Log'!W6:W70,$C$29)="","",INDEX('Daily Log'!W6:W70,$C$29))),0)&" gal to full",IF(IF($C$29=0,"",IF(INDEX('Daily Log'!X6:X70,$C$29)="","",INDEX('Daily Log'!X6:X70,$C$29)))=1,"ROOM FOR 1 TRUCK — "&FIXED(IF($C$29=0,"",IF(INDEX('Daily Log'!W6:W70,$C$29)="","",INDEX('Daily Log'!W6:W70,$C$29))),0)&" gal to full","No truck fits yet — "&FIXED(IF($C$29=0,"",IF(INDEX('Daily Log'!W6:W70,$C$29)="","",INDEX('Daily Log'!W6:W70,$C$29))),0)&" gal to full, "&FIXED($C$31-IF($C$29=0,"",IF(INDEX('Daily Log'!W6:W70,$C$29)="","",INDEX('Daily Log'!W6:W70,$C$29))),0)&" more to burn before one fits"))) -> ROOM FOR 1 TRUCK — 9,302 gal to full
B11: TANK SOUNDINGS
B12: PORT | C12: Inches | D12: Gallons | F12: STBD | G12: Inches | H12: Gallons
B13: Tank #2 | C13: =IF($C$29=0,"",IF(INDEX('Daily Log'!B6:B70,$C$29)="","",INDEX('Daily Log'!B6:B70,$C$29))) -> 103 | D13: =IF($C$29=0,"",IF(INDEX('Daily Log'!J6:J70,$C$29)="","",INDEX('Daily Log'!J6:J70,$C$29))) -> 15000 | F13: Tank #2 | G13: =IF($C$29=0,"",IF(INDEX('Daily Log'!F6:F70,$C$29)="","",INDEX('Daily Log'!F6:F70,$C$29))) -> 103 | H13: =IF($C$29=0,"",IF(INDEX('Daily Log'!N6:N70,$C$29)="","",INDEX('Daily Log'!N6:N70,$C$29))) -> 15000
B14: Tank #3 | C14: =IF($C$29=0,"",IF(INDEX('Daily Log'!C6:C70,$C$29)="","",INDEX('Daily Log'!C6:C70,$C$29))) -> 91 | D14: =IF($C$29=0,"",IF(INDEX('Daily Log'!K6:K70,$C$29)="","",INDEX('Daily Log'!K6:K70,$C$29))) -> 9692 | F14: Tank #3 | G14: =IF($C$29=0,"",IF(INDEX('Daily Log'!G6:G70,$C$29)="","",INDEX('Daily Log'!G6:G70,$C$29))) -> 91 | H14: =IF($C$29=0,"",IF(INDEX('Daily Log'!O6:O70,$C$29)="","",INDEX('Daily Log'!O6:O70,$C$29))) -> 9692
B15: Tank #4 | C15: =IF($C$29=0,"",IF(INDEX('Daily Log'!D6:D70,$C$29)="","",INDEX('Daily Log'!D6:D70,$C$29))) -> 91 | D15: =IF($C$29=0,"",IF(INDEX('Daily Log'!L6:L70,$C$29)="","",INDEX('Daily Log'!L6:L70,$C$29))) -> 7423 | F15: Tank #4 | G15: =IF($C$29=0,"",IF(INDEX('Daily Log'!H6:H70,$C$29)="","",INDEX('Daily Log'!H6:H70,$C$29))) -> 91 | H15: =IF($C$29=0,"",IF(INDEX('Daily Log'!P6:P70,$C$29)="","",INDEX('Daily Log'!P6:P70,$C$29))) -> 7423
B16: Tank #5 | C16: =IF($C$29=0,"",IF(INDEX('Daily Log'!E6:E70,$C$29)="","",INDEX('Daily Log'!E6:E70,$C$29))) -> 115 | D16: =IF($C$29=0,"",IF(INDEX('Daily Log'!M6:M70,$C$29)="","",INDEX('Daily Log'!M6:M70,$C$29))) -> 8984 | F16: Tank #5 | G16: =IF($C$29=0,"",IF(INDEX('Daily Log'!I6:I70,$C$29)="","",INDEX('Daily Log'!I6:I70,$C$29))) -> 115 | H16: =IF($C$29=0,"",IF(INDEX('Daily Log'!Q6:Q70,$C$29)="","",INDEX('Daily Log'!Q6:Q70,$C$29))) -> 8984
B17: Port Total | D17: =IF($C$29=0,"",IF(INDEX('Daily Log'!R6:R70,$C$29)="","",INDEX('Daily Log'!R6:R70,$C$29))) -> 41099 | F17: Stbd Total | H17: =IF($C$29=0,"",IF(INDEX('Daily Log'!S6:S70,$C$29)="","",INDEX('Daily Log'!S6:S70,$C$29))) -> 41099
B18: TOTAL FUEL | H18: =IF($C$29=0,"",IF(INDEX('Daily Log'!T6:T70,$C$29)="","",INDEX('Daily Log'!T6:T70,$C$29))) -> 82198
B20: LUBE OIL & POTABLE WATER & RECEIPTS
B21: P L/O | D21: =IF($C$29=0,"",IF(INDEX('Daily Log'!Z6:Z70,$C$29)="","",INDEX('Daily Log'!Z6:Z70,$C$29))) | F21: Potable Water | H21: =IF($C$29=0,"",IF(INDEX('Daily Log'!AE6:AE70,$C$29)="","",INDEX('Daily Log'!AE6:AE70,$C$29))) -> 15000
B22: S L/O | D22: =IF($C$29=0,"",IF(INDEX('Daily Log'!AA6:AA70,$C$29)="","",INDEX('Daily Log'!AA6:AA70,$C$29))) | F22: Water Received | H22: =IF($C$29=0,"",IF(INDEX('Daily Log'!AF6:AF70,$C$29)="","",INDEX('Daily Log'!AF6:AF70,$C$29))) -> 6000
B23: L/O Total | D23: =IF($C$29=0,"",IF(INDEX('Daily Log'!AC6:AC70,$C$29)="","",INDEX('Daily Log'!AC6:AC70,$C$29))) | F23: Water Used | H23: =IF($C$29=0,"",IF(INDEX('Daily Log'!AG6:AG70,$C$29)="","",INDEX('Daily Log'!AG6:AG70,$C$29))) -> 500
B24: L/O Used | D24: =IF($C$29=0,"",IF(INDEX('Daily Log'!AD6:AD70,$C$29)="","",INDEX('Daily Log'!AD6:AD70,$C$29))) | F24: Fuel Received | H24: =IF($C$29=0,"",IF(INDEX('Daily Log'!U6:U70,$C$29)="","",INDEX('Daily Log'!U6:U70,$C$29))) -> 10009
B26: =IF($C$29=0,"",$C$29&" day(s) logged. Enter each day on the Daily Log tab; this page always shows the latest row.") -> 1 day(s) logged. Enter each day on the Daily Log tab; this page always shows the latest row.
B28: helper values — leave these alone
B29: days logged | C29: =COUNT('Daily Log'!A6:A70) -> 1
B30: avg burn/day | C30: =IF($C$29=0,"",IFERROR(AVERAGE('Daily Log'!V6:V70),"")) -> 895
B31: truck (gal) | C31: =Settings!$C$8 -> 7500
B32: capacity | C32: =Settings!$C$7 -> 91500

Sheet Daily Log
A1: M/V A. Steven Crowley — Daily Fuel Log
A2: Cream = type it in. White/green = calculates. Soundings in inches (91.5 is fine). Fill rows in order — each day's Used compares to the row above. Capacity and truck size live on the Settings tab.
B3: SOUNDINGS (inches) | J3: GALLONS (from tank tables) | R3: TOTALS | U3: FUEL | Z3: LUBE OIL | AE3: POTABLE WATER | AH3: NOTES
A4: Date | B4: Port #2 | C4: Port #3 | D4: Port #4 | E4: Port #5 | F4: Stbd #2 | G4: Stbd #3 | H4: Stbd #4 | I4: Stbd #5 | J4: Port #2 | K4: Port #3 | L4: Port #4 | M4: Port #5 | N4: Stbd #2 | O4: Stbd #3 | P4: Stbd #4 | Q4: Stbd #5 | R4: Port Total | S4: Stbd Total | T4: TOTAL FUEL | U4: Fuel Received | V4: Fuel Used | W4: Room to Full | X4: Trucks that Fit | Y4: Alert | Z4: P L/O gal | AA4: S L/O gal | AB4: L/O Received | AC4: L/O Total | AD4: L/O Used | AE4: Potable Water | AF4: Water Received | AG4: Water Used | AH4: Notes
A5: 46317 | T5: 73084 | AC5: 1107 | AE5: 9500 | AH5: OPENING BALANCE — type yesterday's totals here once (fuel, lube, water).
A6: 46318 | B6: 103 | C6: 91 | D6: 91 | E6: 115 | F6: 103 | G6: 91 | H6: 91 | I6: 115 | J6: =IF(B6="","",IFERROR(ROUND(VLOOKUP(INT(B6),'Tank Tables'!$A$5:$B$121,2,FALSE())+(B6-INT(B6))*(VLOOKUP(INT(B6)+1,'Tank Tables'!$A$5:$B$121,2,FALSE())-VLOOKUP(INT(B6),'Tank Tables'!$A$5:$B$121,2,FALSE())),0),IFERROR(ROUND(VLOOKUP(INT(B6),'Tank Tables'!$A$5:$B$121,2,FALSE()),0),"?"))) -> 15000 | K6: =IF(C6="","",IFERROR(ROUND(VLOOKUP(INT(C6),'Tank Tables'!$C$5:$D$130,2,FALSE())+(C6-INT(C6))*(VLOOKUP(INT(C6)+1,'Tank Tables'!$C$5:$D$130,2,FALSE())-VLOOKUP(INT(C6),'Tank Tables'!$C$5:$D$130,2,FALSE())),0),IFERROR(ROUND(VLOOKUP(INT(C6),'Tank Tables'!$C$5:$D$130,2,FALSE()),0),"?"))) -> 9692 | L6: =IF(D6="","",IFERROR(ROUND(VLOOKUP(INT(D6),'Tank Tables'!$E$5:$F$130,2,FALSE())+(D6-INT(D6))*(VLOOKUP(INT(D6)+1,'Tank Tables'!$E$5:$F$130,2,FALSE())-VLOOKUP(INT(D6),'Tank Tables'!$E$5:$F$130,2,FALSE())),0),IFERROR(ROUND(VLOOKUP(INT(D6),'Tank Tables'!$E$5:$F$130,2,FALSE()),0),"?"))) -> 7423 | M6: =IF(E6="","",IFERROR(ROUND(VLOOKUP(INT(E6),'Tank Tables'!$G$5:$H$130,2,FALSE())+(E6-INT(E6))*(VLOOKUP(INT(E6)+1,'Tank Tables'!$G$5:$H$130,2,FALSE())-VLOOKUP(INT(E6),'Tank Tables'!$G$5:$H$130,2,FALSE())),0),IFERROR(ROUND(VLOOKUP(INT(E6),'Tank Tables'!$G$5:$H$130,2,FALSE()),0),"?"))) -> 8984 | N6: =IF(F6="","",IFERROR(ROUND(VLOOKUP(INT(F6),'Tank Tables'!$A$5:$B$121,2,FALSE())+(F6-INT(F6))*(VLOOKUP(INT(F6)+1,'Tank Tables'!$A$5:$B$121,2,FALSE())-VLOOKUP(INT(F6),'Tank Tables'!$A$5:$B$121,2,FALSE())),0),IFERROR(ROUND(VLOOKUP(INT(F6),'Tank Tables'!$A$5:$B$121,2,FALSE()),0),"?"))) -> 15000 | O6: =IF(G6="","",IFERROR(ROUND(VLOOKUP(INT(G6),'Tank Tables'!$C$5:$D$130,2,FALSE())+(G6-INT(G6))*(VLOOKUP(INT(G6)+1,'Tank Tables'!$C$5:$D$130,2,FALSE())-VLOOKUP(INT(G6),'Tank Tables'!$C$5:$D$130,2,FALSE())),0),IFERROR(ROUND(VLOOKUP(INT(G6),'Tank Tables'!$C$5:$D$130,2,FALSE()),0),"?"))) -> 9692 | P6: =IF(H6="","",IFERROR(ROUND(VLOOKUP(INT(H6),'Tank Tables'!$E$5:$F$130,2,FALSE())+(H6-INT(H6))*(VLOOKUP(INT(H6)+1,'Tank Tables'!$E$5:$F$130,2,FALSE())-VLOOKUP(INT(H6),'Tank Tables'!$E$5:$F$130,2,FALSE())),0),IFERROR(ROUND(VLOOKUP(INT(H6),'Tank Tables'!$E$5:$F$130,2,FALSE()),0),"?"))) -> 7423 | Q6: =IF(I6="","",IFERROR(ROUND(VLOOKUP(INT(I6),'Tank Tables'!$G$5:$H$130,2,FALSE())+(I6-INT(I6))*(VLOOKUP(INT(I6)+1,'Tank Tables'!$G$5:$H$130,2,FALSE())-VLOOKUP(INT(I6),'Tank Tables'!$G$5:$H$130,2,FALSE())),0),IFERROR(ROUND(VLOOKUP(INT(I6),'Tank Tables'!$G$5:$H$130,2,FALSE()),0),"?"))) -> 8984 | R6: =IF(COUNT(J6:M6)=0,"",SUM(J6:M6)) -> 41099 | S6: =IF(COUNT(N6:Q6)=0,"",SUM(N6:Q6)) -> 41099 | T6: =IF(COUNT(R6:S6)=0,"",SUM(R6:S6)) -> 82198 | U6: 10009 | V6: =IF(T6="","",IF(T5="","",T5+U6-T6)) -> 895 | W6: =IF(T6="","",Settings!$C$7-T6) -> 9302 | X6: =IF(T6="","",MAX(0,INT(W6/Settings!$C$8))) -> 1 | Y6: =IF(T6="","",IF(X6>=2,"ROOM FOR "&X6&" TRUCKS",IF(X6=1,"ROOM FOR 1 TRUCK",""))) -> ROOM FOR 1 TRUCK | AC6: =IF(COUNT(Z6:AA6)=0,"",SUM(Z6:AA6)) | AD6: =IF(AC6="","",IF(AC5="","",AC5+AB6-AC6)) | AE6: 15000 | AF6: 6000 | AG6: =IF(AE6="","",IF(AE5="","",AE5+AF6-AE6)) -> 500 | AH6: Example: 10/23 soundings after fueling (3s and 4s gravitated to 91). Overwrite with your real numbers.
J7: =IF(B7="","",IFERROR(ROUND(VLOOKUP(INT(B7),'Tank Tables'!$A$5:$B$121,2,FALSE())+(B7-INT(B7))*(VLOOKUP(INT(B7)+1,'Tank Tables'!$A$5:$B$121,2,FALSE())-VLOOKUP(INT(B7),'Tank Tables'!$A$5:$B$121,2,FALSE())),0),IFERROR(ROUND(VLOOKUP(INT(B7),'Tank Tables'!$A$5:$B$121,2,FALSE()),0),"?"))) | K7: =IF(C7="","",IFERROR(ROUND(VLOOKUP(INT(C7),'Tank Tables'!$C$5:$D$130,2,FALSE())+(C7-INT(C7))*(VLOOKUP(INT(C7)+1,'Tank Tables'!$C$5:$D$130,2,FALSE())-VLOOKUP(INT(C7),'Tank Tables'!$C$5:$D$130,2,FALSE())),0),IFERROR(ROUND(VLOOKUP(INT(C7),'Tank Tables'!$C$5:$D$130,2,FALSE()),0),"?"))) | L7: =IF(D7="","",IFERROR(ROUND(VLOOKUP(INT(D7),'Tank Tables'!$E$5:$F$130,2,FALSE())+(D7-INT(D7))*(VLOOKUP(INT(D7)+1,'Tank Tables'!$E$5:$F$130,2,FALSE())-VLOOKUP(INT(D7),'Tank Tables'!$E$5:$F$130,2,FALSE())),0),IFERROR(ROUND(VLOOKUP(INT(D7),'Tank Tables'!$E$5:$F$130,2,FALSE()),0),"?"))) | M7: =IF(E7="","",IFERROR(ROUND(VLOOKUP(INT(E7),'Tank Tables'!$G$5:$H$130,2,FALSE())+(E7-INT(E7))*(VLOOKUP(INT(E7)+1,'Tank Tables'!$G$5:$H$130,2,FALSE())-VLOOKUP(INT(E7),'Tank Tables'!$G$5:$H$130,2,FALSE())),0),IFERROR(ROUND(VLOOKUP(INT(E7),'Tank Tables'!$G$5:$H$130,2,FALSE()),0),"?"))) | N7: =IF(F7="","",IFERROR(ROUND(VLOOKUP(INT(F7),'Tank Tables'!$A$5:$B$121,2,FALSE())+(F7-INT(F7))*(VLOOKUP(INT(F7)+1,'Tank Tables'!$A$5:$B$121,2,FALSE())-VLOOKUP(INT(F7),'Tank Tables'!$A$5:$B$121,2,FALSE())),0),IFERROR(ROUND(VLOOKUP(INT(F7),'Tank Tables'!$A$5:$B$121,2,FALSE()),0),"?"))) | O7: =IF(G7="","",IFERROR(ROUND(VLOOKUP(INT(G7),'Tank Tables'!$C$5:$D$130,2,FALSE())+(G7-INT(G7))*(VLOOKUP(INT(G7)+1,'Tank Tables'!$C$5:$D$130,2,FALSE())-VLOOKUP(INT(G7),'Tank Tables'!$C$5:$D$130,2,FALSE())),0),IFERROR(ROUND(VLOOKUP(INT(G7),'Tank Tables'!$C$5:$D$130,2,FALSE()),0),"?"))) | P7: =IF(H7="","",IFERROR(ROUND(VLOOKUP(INT(H7),'Tank Tables'!$E$5:$F$130,2,FALSE())+(H7-INT(H7))*(VLOOKUP(INT(H7)+1,'Tank Tables'!$E$5:$F$130,2,FALSE())-VLOOKUP(INT(H7),'Tank Tables'!$E$5:$F$130,2,FALSE())),0),IFERROR(ROUND(VLOOKUP(INT(H7),'Tank Tables'!$E$5:$F$130,2,FALSE()),0),"?"))) | Q7: =IF(I7="","",IFERROR(ROUND(VLOOKUP(INT(I7),'Tank Tables'!$G$5:$H$130,2,FALSE())+(I7-INT(I7))*(VLOOKUP(INT(I7)+1,'Tank Tables'!$G$5:$H$130,2,FALSE())-VLOOKUP(INT(I7),'Tank Tables'!$G$5:$H$130,2,FALSE())),0),IFERROR(ROUND(VLOOKUP(INT(I7),'Tank Tables'!$G$5:$H$130,2,FALSE()),0),"?"))) | R7: =IF(COUNT(J7:M7)=0,"",SUM(J7:M7)) | S7: =IF(COUNT(N7:Q7)=0,"",SUM(N7:Q7)) | T7: =IF(COUNT(R7:S7)=0,"",SUM(R7:S7)) | V7: =IF(T7="","",IF(T6="","",T6+U7-T7)) | W7: =IF(T7="","",Settings!$C$7-T7) | X7: =IF(T7="","",MAX(0,INT(W7/Settings!$C$8))) | Y7: =IF(T7="","",IF(X7>=2,"ROOM FOR "&X7&" TRUCKS",IF(X7=1,"ROOM FOR 1 TRUCK",""))) | AC7: =IF(COUNT(Z7:AA7)=0,"",SUM(Z7:AA7)) | AD7: =IF(AC7="","",IF(AC6="","",AC6+AB7-AC7)) | AG7: =IF(AE7="","",IF(AE6="","",AE6+AF7-AE7))
J8: =IF(B8="","",IFERROR(ROUND(VLOOKUP(INT(B8),'Tank Tables'!$A$5:$B$121,2,FALSE())+(B8-INT(B8))*(VLOOKUP(INT(B8)+1,'Tank Tables'!$A$5:$B$121,2,FALSE())-VLOOKUP(INT(B8),'Tank Tables'!$A$5:$B$121,2,FALSE())),0),IFERROR(ROUND(VLOOKUP(INT(B8),'Tank Tables'!$A$5:$B$121,2,FALSE()),0),"?"))) | K8: =IF(C8="","",IFERROR(ROUND(VLOOKUP(INT(C8),'Tank Tables'!$C$5:$D$130,2,FALSE())+(C8-INT(C8))*(VLOOKUP(INT(C8)+1,'Tank Tables'!$C$5:$D$130,2,FALSE())-VLOOKUP(INT(C8),'Tank Tables'!$C$5:$D$130,2,FALSE())),0),IFERROR(ROUND(VLOOKUP(INT(C8),'Tank Tables'!$C$5:$D$130,2,FALSE()),0),"?"))) | L8: =IF(D8="","",IFERROR(ROUND(VLOOKUP(INT(D8),'Tank Tables'!$E$5:$F$130,2,FALSE())+(D8-INT(D8))*(VLOOKUP(INT(D8)+1,'Tank Tables'!$E$5:$F$130,2,FALSE())-VLOOKUP(INT(D8),'Tank Tables'!$E$5:$F$130,2,FALSE())),0),IFERROR(ROUND(VLOOKUP(INT(D8),'Tank Tables'!$E$5:$F$130,2,FALSE()),0),"?"))) | M8: =IF(E8="","",IFERROR(ROUND(VLOOKUP(INT(E8),'Tank Tables'!$G$5:$H$130,2,FALSE())+(E8-INT(E8))*(VLOOKUP(INT(E8)+1,'Tank Tables'!$G$5:$H$130,2,FALSE())-VLOOKUP(INT(E8),'Tank Tables'!$G$5:$H$130,2,FALSE())),0),IFERROR(ROUND(VLOOKUP(INT(E8),'Tank Tables'!$G$5:$H$130,2,FALSE()),0),"?"))) | N8: =IF(F8="","",IFERROR(ROUND(VLOOKUP(INT(F8),'Tank Tables'!$A$5:$B$121,2,FALSE())+(F8-INT(F8))*(VLOOKUP(INT(F8)+1,'Tank Tables'!$A$5:$B$121,2,FALSE())-VLOOKUP(INT(F8),'Tank Tables'!$A$5:$B$121,2,FALSE())),0),IFERROR(ROUND(VLOOKUP(INT(F8),'Tank Tables'!$A$5:$B$121,2,FALSE()),0),"?"))) | O8: =IF(G8="","",IFERROR(ROUND(VLOOKUP(INT(G8),'Tank Tables'!$C$5:$D$130,2,FALSE())+(G8-INT(G8))*(VLOOKUP(INT(G8)+1,'Tank Tables'!$C$5:$D$130,2,FALSE())-VLOOKUP(INT(G8),'Tank Tables'!$C$5:$D$130,2,FALSE())),0),IFERROR(ROUND(VLOOKUP(INT(G8),'Tank Tables'!$C$5:$D$130,2,FALSE()),0),"?"))) | P8: =IF(H8="","",IFERROR(ROUND(VLOOKUP(INT(H8),'Tank Tables'!$E$5:$F$130,2,FALSE())+(H8-INT(H8))*(VLOOKUP(INT(H8)+1,'Tank Tables'!$E$5:$F$130,2,FALSE())-VLOOKUP(INT(H8),'Tank Tables'!$E$5:$F$130,2,FALSE())),0),IFERROR(ROUND(VLOOKUP(INT(H8),'Tank Tables'!$E$5:$F$130,2,FALSE()),0),"?"))) | Q8: =IF(I8="","",IFERROR(ROUND(VLOOKUP(INT(I8),'Tank Tables'!$G$5:$H$130,2,FALSE())+(I8-INT(I8))*(VLOOKUP(INT(I8)+1,'Tank Tables'!$G$5:$H$130,2,FALSE())-VLOOKUP(INT(I8),'Tank Tables'!$G$5:$H$130,2,FALSE())),0),IFERROR(ROUND(VLOOKUP(INT(I8),'Tank Tables'!$G$5:$H$130,2,FALSE()),0),"?"))) | R8: =IF(COUNT(J8:M8)=0,"",SUM(J8:M8)) | S8: =IF(COUNT(N8:Q8)=0,"",SUM(N8:Q8)) | T8: =IF(COUNT(R8:S8)=0,"",SUM(R8:S8)) | V8: =IF(T8="","",IF(T7="","",T7+U8-T8)) | W8: =IF(T8="","",Settings!$C$7-T8) | X8: =IF(T8="","",MAX(0,INT(W8/Settings!$C$8))) | Y8: =IF(T8="","",IF(X8>=2,"ROOM FOR "&X8&" TRUCKS",IF(X8=1,"ROOM FOR 1 TRUCK",""))) | AC8: =IF(COUNT(Z8:AA8)=0,"",SUM(Z8:AA8)) | AD8: =IF(AC8="","",IF(AC7="","",AC7+AB8-AC8)) | AG8: =IF(AE8="","",IF(AE7="","",AE7+AF8-AE8))
J9: =IF(B9="","",IFERROR(ROUND(VLOOKUP(INT(B9),'Tank Tables'!$A$5:$B$121,2,FALSE())+(B9-INT(B9))*(VLOOKUP(INT(B9)+1,'Tank Tables'!$A$5:$B$121,2,FALSE())-VLOOKUP(INT(B9),'Tank Tables'!$A$5:$B$121,2,FALSE())),0),IFERROR(ROUND(VLOOKUP(INT(B9),'Tank Tables'!$A$5:$B$121,2,FALSE()),0),"?"))) | K9: =IF(C9="","",IFERROR(ROUND(VLOOKUP(INT(C9),'Tank Tables'!$C$5:$D$130,2,FALSE())+(C9-INT(C9))*(VLOOKUP(INT(C9)+1,'Tank Tables'!$C$5:$D$130,2,FALSE())-VLOOKUP(INT(C9),'Tank Tables'!$C$5:$D$130,2,FALSE())),0),IFERROR(ROUND(VLOOKUP(INT(C9),'Tank Tables'!$C$5:$D$130,2,FALSE()),0),"?"))) | L9: =IF(D9="","",IFERROR(ROUND(VLOOKUP(INT(D9),'Tank Tables'!$E$5:$F$130,2,FALSE())+(D9-INT(D9))*(VLOOKUP(INT(D9)+1,'Tank Tables'!$E$5:$F$130,2,FALSE())-VLOOKUP(INT(D9),'Tank Tables'!$E$5:$F$130,2,FALSE())),0),IFERROR(ROUND(VLOOKUP(INT(D9),'Tank Tables'!$E$5:$F$130,2,FALSE()),0),"?"))) | M9: =IF(E9="","",IFERROR(ROUND(VLOOKUP(INT(E9),'Tank Tables'!$G$5:$H$130,2,FALSE())+(E9-INT(E9))*(VLOOKUP(INT(E9)+1,'Tank Tables'!$G$5:$H$130,2,FALSE())-VLOOKUP(INT(E9),'Tank Tables'!$G$5:$H$130,2,FALSE())),0),IFERROR(ROUND(VLOOKUP(INT(E9),'Tank Tables'!$G$5:$H$130,2,FALSE()),0),"?"))) | N9: =IF(F9="","",IFERROR(ROUND(VLOOKUP(INT(F9),'Tank Tables'!$A$5:$B$121,2,FALSE())+(F9-INT(F9))*(VLOOKUP(INT(F9)+1,'Tank Tables'!$A$5:$B$121,2,FALSE())-VLOOKUP(INT(F9),'Tank Tables'!$A$5:$B$121,2,FALSE())),0),IFERROR(ROUND(VLOOKUP(INT(F9),'Tank Tables'!$A$5:$B$121,2,FALSE()),0),"?"))) | O9: =IF(G9="","",IFERROR(ROUND(VLOOKUP(INT(G9),'Tank Tables'!$C$5:$D$130,2,FALSE())+(G9-INT(G9))*(VLOOKUP(INT(G9)+1,'Tank Tables'!$C$5:$D$130,2,FALSE())-VLOOKUP(INT(G9),'Tank Tables'!$C$5:$D$130,2,FALSE())),0),IFERROR(ROUND(VLOOKUP(INT(G9),'Tank Tables'!$C$5:$D$130,2,FALSE()),0),"?"))) | P9: =IF(H9="","",IFERROR(ROUND(VLOOKUP(INT(H9),'Tank Tables'!$E$5:$F$130,2,FALSE())+(H9-INT(H9))*(VLOOKUP(INT(H9)+1,'Tank Tables'!$E$5:$F$130,2,FALSE())-VLOOKUP(INT(H9),'Tank Tables'!$E$5:$F$130,2,FALSE())),0),IFERROR(ROUND(VLOOKUP(INT(H9),'Tank Tables'!$E$5:$F$130,2,FALSE()),0),"?"))) | Q9: =IF(I9="","",IFERROR(ROUND(VLOOKUP(INT(I9),'Tank Tables'!$G$5:$H$130,2,FALSE())+(I9-INT(I9))*(VLOOKUP(INT(I9)+1,'Tank Tables'!$G$5:$H$130,2,FALSE())-VLOOKUP(INT(I9),'Tank Tables'!$G$5:$H$130,2,FALSE())),0),IFERROR(ROUND(VLOOKUP(INT(I9),'Tank Tables'!$G$5:$H$130,2,FALSE()),0),"?"))) | R9: =IF(COUNT(J9:M9)=0,"",SUM(J9:M9)) | S9: =IF(COUNT(N9:Q9)=0,"",SUM(N9:Q9)) | T9: =IF(COUNT(R9:S9)=0,"",SUM(R9:S9)) | V9: =IF(T9="","",IF(T8="","",T8+U9-T9)) | W9: =IF(T9="","",Settings!$C$7-T9) | X9: =IF(T9="","",MAX(0,INT(W9/Settings!$C$8))) | Y9: =IF(T9="","",IF(X9>=2,"ROOM FOR "&X9&" TRUCKS",IF(X9=1,"ROOM FOR 1 TRUCK",""))) | AC9: =IF(COUNT(Z9:AA9)=0,"",SUM(Z9:AA9)) | AD9: =IF(AC9="","",IF(AC8="","",AC8+AB9-AC9)) | AG9: =IF(AE9="","",IF(AE8="","",AE8+AF9-AE9))
J10: =IF(B10="","",IFERROR(ROUND(VLOOKUP(INT(B10),'Tank Tables'!$A$5:$B$121,2,FALSE())+(B10-INT(B10))*(VLOOKUP(INT(B10)+1,'Tank Tables'!$A$5:$B$121,2,FALSE())-VLOOKUP(INT(B10),'Tank Tables'!$A$5:$B$121,2,FALSE())),0),IFERROR(ROUND(VLOOKUP(INT(B10),'Tank Tables'!$A$5:$B$121,2,FALSE()),0),"?"))) | K10: =IF(C10="","",IFERROR(ROUND(VLOOKUP(INT(C10),'Tank Tables'!$C$5:$D$130,2,FALSE())+(C10-INT(C10))*(VLOOKUP(INT(C10)+1,'Tank Tables'!$C$5:$D$130,2,FALSE())-VLOOKUP(INT(C10),'Tank Tables'!$C$5:$D$130,2,FALSE())),0),IFERROR(ROUND(VLOOKUP(INT(C10),'Tank Tables'!$C$5:$D$130,2,FALSE()),0),"?"))) | L10: =IF(D10="","",IFERROR(ROUND(VLOOKUP(INT(D10),'Tank Tables'!$E$5:$F$130,2,FALSE())+(D10-INT(D10))*(VLOOKUP(INT(D10)+1,'Tank Tables'!$E$5:$F$130,2,FALSE())-VLOOKUP(INT(D10),'Tank Tables'!$E$5:$F$130,2,FALSE())),0),IFERROR(ROUND(VLOOKUP(INT(D10),'Tank Tables'!$E$5:$F$130,2,FALSE()),0),"?"))) | M10: =IF(E10="","",IFERROR(ROUND(VLOOKUP(INT(E10),'Tank Tables'!$G$5:$H$130,2,FALSE())+(E10-INT(E10))*(VLOOKUP(INT(E10)+1,'Tank Tables'!$G$5:$H$130,2,FALSE())-VLOOKUP(INT(E10),'Tank Tables'!$G$5:$H$130,2,FALSE())),0),IFERROR(ROUND(VLOOKUP(INT(E10),'Tank Tables'!$G$5:$H$130,2,FALSE()),0),"?"))) | N10: =IF(F10="","",IFERROR(ROUND(VLOOKUP(INT(F10),'Tank Tables'!$A$5:$B$121,2,FALSE())+(F10-INT(F10))*(VLOOKUP(INT(F10)+1,'Tank Tables'!$A$5:$B$121,2,FALSE())-VLOOKUP(INT(F10),'Tank Tables'!$A$5:$B$121,2,FALSE())),0),IFERROR(ROUND(VLOOKUP(INT(F10),'Tank Tables'!$A$5:$B$121,2,FALSE()),0),"?"))) | O10: =IF(G10="","",IFERROR(ROUND(VLOOKUP(INT(G10),'Tank Tables'!$C$5:$D$130,2,FALSE())+(G10-INT(G10))*(VLOOKUP(INT(G10)+1,'Tank Tables'!$C$5:$D$130,2,FALSE())-VLOOKUP(INT(G10),'Tank Tables'!$C$5:$D$130,2,FALSE())),0),IFERROR(ROUND(VLOOKUP(INT(G10),'Tank Tables'!$C$5:$D$130,2,FALSE()),0),"?"))) | P10: =IF(H10="","",IFERROR(ROUND(VLOOKUP(INT(H10),'Tank Tables'!$E$5:$F$130,2,FALSE())+(H10-INT(H10))*(VLOOKUP(INT(H10)+1,'Tank Tables'!$E$5:$F$130,2,FALSE())-VLOOKUP(INT(H10),'Tank Tables'!$E$5:$F$130,2,FALSE())),0),IFERROR(ROUND(VLOOKUP(INT(H10),'Tank Tables'!$E$5:$F$130,2,FALSE()),0),"?"))) | Q10: =IF(I10="","",IFERROR(ROUND(VLOOKUP(INT(I10),'Tank Tables'!$G$5:$H$130,2,FALSE())+(I10-INT(I10))*(VLOOKUP(INT(I10)+1,'Tank Tables'!$G$5:$H$130,2,FALSE())-VLOOKUP(INT(I10),'Tank Tables'!$G$5:$H$130,2,FALSE())),0),IFERROR(ROUND(VLOOKUP(INT(I10),'Tank Tables'!$G$5:$H$130,2,FALSE()),0),"?"))) | R10: =IF(COUNT(J10:M10)=0,"",SUM(J10:M10)) | S10: =IF(COUNT(N10:Q10)=0,"",SUM(N10:Q10)) | T10: =IF(COUNT(R10:S10)=0,"",SUM(R10:S10)) | V10: =IF(T10="","",IF(T9="","",T9+U10-T10)) | W10: =IF(T10="","",Settings!$C$7-T10) | X10: =IF(T10="","",MAX(0,INT(W10/Settings!$C$8))) | Y10: =IF(T10="","",IF(X10>=2,"ROOM FOR "&X10&" TRUCKS",IF(X10=1,"ROOM FOR 1 TRUCK",""))) | AC10: =IF(COUNT(Z10:AA10)=0,"",SUM(Z10:AA10)) | AD10: =IF(AC10="","",IF(AC9="","",AC9+AB10-AC10)) | AG10: =IF(AE10="","",IF(AE9="","",AE9+AF10-AE10))
J11: =IF(B11="","",IFERROR(ROUND(VLOOKUP(INT(B11),'Tank Tables'!$A$5:$B$121,2,FALSE())+(B11-INT(B11))*(VLOOKUP(INT(B11)+1,'Tank Tables'!$A$5:$B$121,2,FALSE())-VLOOKUP(INT(B11),'Tank Tables'!$A$5:$B$121,2,FALSE())),0),IFERROR(ROUND(VLOOKUP(INT(B11),'Tank Tables'!$A$5:$B$121,2,FALSE()),0),"?"))) | K11: =IF(C11="","",IFERROR(ROUND(VLOOKUP(INT(C11),'Tank Tables'!$C$5:$D$130,2,FALSE())+(C11-INT(C11))*(VLOOKUP(INT(C11)+1,'Tank Tables'!$C$5:$D$130,2,FALSE())-VLOOKUP(INT(C11),'Tank Tables'!$C$5:$D$130,2,FALSE())),0),IFERROR(ROUND(VLOOKUP(INT(C11),'Tank Tables'!$C$5:$D$130,2,FALSE()),0),"?"))) | L11: =IF(D11="","",IFERROR(ROUND(VLOOKUP(INT(D11),'Tank Tables'!$E$5:$F$130,2,FALSE())+(D11-INT(D11))*(VLOOKUP(INT(D11)+1,'Tank Tables'!$E$5:$F$130,2,FALSE())-VLOOKUP(INT(D11),'Tank Tables'!$E$5:$F$130,2,FALSE())),0),IFERROR(ROUND(VLOOKUP(INT(D11),'Tank Tables'!$E$5:$F$130,2,FALSE()),0),"?"))) | M11: =IF(E11="","",IFERROR(ROUND(VLOOKUP(INT(E11),'Tank Tables'!$G$5:$H$130,2,FALSE())+(E11-INT(E11))*(VLOOKUP(INT(E11)+1,'Tank Tables'!$G$5:$H$130,2,FALSE())-VLOOKUP(INT(E11),'Tank Tables'!$G$5:$H$130,2,FALSE())),0),IFERROR(ROUND(VLOOKUP(INT(E11),'Tank Tables'!$G$5:$H$130,2,FALSE()),0),"?"))) | N11: =IF(F11="","",IFERROR(ROUND(VLOOKUP(INT(F11),'Tank Tables'!$A$5:$B$121,2,FALSE())+(F11-INT(F11))*(VLOOKUP(INT(F11)+1,'Tank Tables'!$A$5:$B$121,2,FALSE())-VLOOKUP(INT(F11),'Tank Tables'!$A$5:$B$121,2,FALSE())),0),IFERROR(ROUND(VLOOKUP(INT(F11),'Tank Tables'!$A$5:$B$121,2,FALSE()),0),"?"))) | O11: =IF(G11="","",IFERROR(ROUND(VLOOKUP(INT(G11),'Tank Tables'!$C$5:$D$130,2,FALSE())+(G11-INT(G11))*(VLOOKUP(INT(G11)+1,'Tank Tables'!$C$5:$D$130,2,FALSE())-VLOOKUP(INT(G11),'Tank Tables'!$C$5:$D$130,2,FALSE())),0),IFERROR(ROUND(VLOOKUP(INT(G11),'Tank Tables'!$C$5:$D$130,2,FALSE()),0),"?"))) | P11: =IF(H11="","",IFERROR(ROUND(VLOOKUP(INT(H11),'Tank Tables'!$E$5:$F$130,2,FALSE())+(H11-INT(H11))*(VLOOKUP(INT(H11)+1,'Tank Tables'!$E$5:$F$130,2,FALSE())-VLOOKUP(INT(H11),'Tank Tables'!$E$5:$F$130,2,FALSE())),0),IFERROR(ROUND(VLOOKUP(INT(H11),'Tank Tables'!$E$5:$F$130,2,FALSE()),0),"?"))) | Q11: =IF(I11="","",IFERROR(ROUND(VLOOKUP(INT(I11),'Tank Tables'!$G$5:$H$130,2,FALSE())+(I11-INT(I11))*(VLOOKUP(INT(I11)+1,'Tank Tables'!$G$5:$H$130,2,FALSE())-VLOOKUP(INT(I11),'Tank Tables'!$G$5:$H$130,2,FALSE())),0),IFERROR(ROUND(VLOOKUP(INT(I11),'Tank Tables'!$G$5:$H$130,2,FALSE()),0),"?"))) | R11: =IF(COUNT(J11:M11)=0,"",SUM(J11:M11)) | S11: =IF(COUNT(N11:Q11)=0,"",SUM(N11:Q11)) | T11: =IF(COUNT(R11:S11)=0,"",SUM(R11:S11)) | V11: =IF(T11="","",IF(T10="","",T10+U11-T11)) | W11: =IF(T11="","",Settings!$C$7-T11) | X11: =IF(T11="","",MAX(0,INT(W11/Settings!$C$8))) | Y11: =IF(T11="","",IF(X11>=2,"ROOM FOR "&X11&" TRUCKS",IF(X11=1,"ROOM FOR 1 TRUCK",""))) | AC11: =IF(COUNT(Z11:AA11)=0,"",SUM(Z11:AA11)) | AD11: =IF(AC11="","",IF(AC10="","",AC10+AB11-AC11)) | AG11: =IF(AE11="","",IF(AE10="","",AE10+AF11-AE11))
J12: =IF(B12="","",IFERROR(ROUND(VLOOKUP(INT(B12),'Tank Tables'!$A$5:$B$121,2,FALSE())+(B12-INT(B12))*(VLOOKUP(INT(B12)+1,'Tank Tables'!$A$5:$B$121,2,FALSE())-VLOOKUP(INT(B12),'Tank Tables'!$A$5:$B$121,2,FALSE())),0),IFERROR(ROUND(VLOOKUP(INT(B12),'Tank Tables'!$A$5:$B$121,2,FALSE()),0),"?"))) | K12: =IF(C12="","",IFERROR(ROUND(VLOOKUP(INT(C12),'Tank Tables'!$C$5:$D$130,2,FALSE())+(C12-INT(C12))*(VLOOKUP(INT(C12)+1,'Tank Tables'!$C$5:$D$130,2,FALSE())-VLOOKUP(INT(C12),'Tank Tables'!$C$5:$D$130,2,FALSE())),0),IFERROR(ROUND(VLOOKUP(INT(C12),'Tank Tables'!$C$5:$D$130,2,FALSE()),0),"?"))) | L12: =IF(D12="","",IFERROR(ROUND(VLOOKUP(INT(D12),'Tank Tables'!$E$5:$F$130,2,FALSE())+(D12-INT(D12))*(VLOOKUP(INT(D12)+1,'Tank Tables'!$E$5:$F$130,2,FALSE())-VLOOKUP(INT(D12),'Tank Tables'!$E$5:$F$130,2,FALSE())),0),IFERROR(ROUND(VLOOKUP(INT(D12),'Tank Tables'!$E$5:$F$130,2,FALSE()),0),"?"))) | M12: =IF(E12="","",IFERROR(ROUND(VLOOKUP(INT(E12),'Tank Tables'!$G$5:$H$130,2,FALSE())+(E12-INT(E12))*(VLOOKUP(INT(E12)+1,'Tank Tables'!$G$5:$H$130,2,FALSE())-VLOOKUP(INT(E12),'Tank Tables'!$G$5:$H$130,2,FALSE())),0),IFERROR(ROUND(VLOOKUP(INT(E12),'Tank Tables'!$G$5:$H$130,2,FALSE()),0),"?"))) | N12: =IF(F12="","",IFERROR(ROUND(VLOOKUP(INT(F12),'Tank Tables'!$A$5:$B$121,2,FALSE())+(F12-INT(F12))*(VLOOKUP(INT(F12)+1,'Tank Tables'!$A$5:$B$121,2,FALSE())-VLOOKUP(INT(F12),'Tank Tables'!$A$5:$B$121,2,FALSE())),0),IFERROR(ROUND(VLOOKUP(INT(F12),'Tank Tables'!$A$5:$B$121,2,FALSE()),0),"?"))) | O12: =IF(G12="","",IFERROR(ROUND(VLOOKUP(INT(G12),'Tank Tables'!$C$5:$D$130,2,FALSE())+(G12-INT(G12))*(VLOOKUP(INT(G12)+1,'Tank Tables'!$C$5:$D$130,2,FALSE())-VLOOKUP(INT(G12),'Tank Tables'!$C$5:$D$130,2,FALSE())),0),IFERROR(ROUND(VLOOKUP(INT(G12),'Tank Tables'!$C$5:$D$130,2,FALSE()),0),"?"))) | P12: =IF(H12="","",IFERROR(ROUND(VLOOKUP(INT(H12),'Tank Tables'!$E$5:$F$130,2,FALSE())+(H12-INT(H12))*(VLOOKUP(INT(H12)+1,'Tank Tables'!$E$5:$F$130,2,FALSE())-VLOOKUP(INT(H12),'Tank Tables'!$E$5:$F$130,2,FALSE())),0),IFERROR(ROUND(VLOOKUP(INT(H12),'Tank Tables'!$E$5:$F$130,2,FALSE()),0),"?"))) | Q12: =IF(I12="","",IFERROR(ROUND(VLOOKUP(INT(I12),'Tank Tables'!$G$5:$H$130,2,FALSE())+(I12-INT(I12))*(VLOOKUP(INT(I12)+1,'Tank Tables'!$G$5:$H$130,2,FALSE())-VLOOKUP(INT(I12),'Tank Tables'!$G$5:$H$130,2,FALSE())),0),IFERROR(ROUND(VLOOKUP(INT(I12),'Tank Tables'!$G$5:$H$130,2,FALSE()),0),"?"))) | R12: =IF(COUNT(J12:M12)=0,"",SUM(J12:M12)) | S12: =IF(COUNT(N12:Q12)=0,"",SUM(N12:Q12)) | T12: =IF(COUNT(R12:S12)=0,"",SUM(R12:S12)) | V12: =IF(T12="","",IF(T11="","",T11+U12-T12)) | W12: =IF(T12="","",Settings!$C$7-T12) | X12: =IF(T12="","",MAX(0,INT(W12/Settings!$C$8))) | Y12: =IF(T12="","",IF(X12>=2,"ROOM FOR "&X12&" TRUCKS",IF(X12=1,"ROOM FOR 1 TRUCK",""))) | AC12: =IF(COUNT(Z12:AA12)=0,"",SUM(Z12:AA12)) | AD12: =IF(AC12="","",IF(AC11="","",AC11+AB12-AC12)) | AG12: =IF(AE12="","",IF(AE11="","",AE11+AF12-AE12))
J13: =IF(B13="","",IFERROR(ROUND(VLOOKUP(INT(B13),'Tank Tables'!$A$5:$B$121,2,FALSE())+(B13-INT(B13))*(VLOOKUP(INT(B13)+1,'Tank Tables'!$A$5:$B$121,2,FALSE())-VLOOKUP(INT(B13),'Tank Tables'!$A$5:$B$121,2,FALSE())),0),IFERROR(ROUND(VLOOKUP(INT(B13),'Tank Tables'!$A$5:$B$121,2,FALSE()),0),"?"))) | K13: =IF(C13="","",IFERROR(ROUND(VLOOKUP(INT(C13),'Tank Tables'!$C$5:$D$130,2,FALSE())+(C13-INT(C13))*(VLOOKUP(INT(C13)+1,'Tank Tables'!$C$5:$D$130,2,FALSE())-VLOOKUP(INT(C13),'Tank Tables'!$C$5:$D$130,2,FALSE())),0),IFERROR(ROUND(VLOOKUP(INT(C13),'Tank Tables'!$C$5:$D$130,2,FALSE()),0),"?"))) | L13: =IF(D13="","",IFERROR(ROUND(VLOOKUP(INT(D13),'Tank Tables'!$E$5:$F$130,2,FALSE())+(D13-INT(D13))*(VLOOKUP(INT(D13)+1,'Tank Tables'!$E$5:$F$130,2,FALSE())-VLOOKUP(INT(D13),'Tank Tables'!$E$5:$F$130,2,FALSE())),0),IFERROR(ROUND(VLOOKUP(INT(D13),'Tank Tables'!$E$5:$F$130,2,FALSE()),0),"?"))) | M13: =IF(E13="","",IFERROR(ROUND(VLOOKUP(INT(E13),'Tank Tables'!$G$5:$H$130,2,FALSE())+(E13-INT(E13))*(VLOOKUP(INT(E13)+1,'Tank Tables'!$G$5:$H$130,2,FALSE())-VLOOKUP(INT(E13),'Tank Tables'!$G$5:$H$130,2,FALSE())),0),IFERROR(ROUND(VLOOKUP(INT(E13),'Tank Tables'!$G$5:$H$130,2,FALSE()),0),"?"))) | N13: =IF(F13="","",IFERROR(ROUND(VLOOKUP(INT(F13),'Tank Tables'!$A$5:$B$121,2,FALSE())+(F13-INT(F13))*(VLOOKUP(INT(F13)+1,'Tank Tables'!$A$5:$B$121,2,FALSE())-VLOOKUP(INT(F13),'Tank Tables'!$A$5:$B$121,2,FALSE())),0),IFERROR(ROUND(VLOOKUP(INT(F13),'Tank Tables'!$A$5:$B$121,2,FALSE()),0),"?"))) | O13: =IF(G13="","",IFERROR(ROUND(VLOOKUP(INT(G13),'Tank Tables'!$C$5:$D$130,2,FALSE())+(G13-INT(G13))*(VLOOKUP(INT(G13)+1,'Tank Tables'!$C$5:$D$130,2,FALSE())-VLOOKUP(INT(G13),'Tank Tables'!$C$5:$D$130,2,FALSE())),0),IFERROR(ROUND(VLOOKUP(INT(G13),'Tank Tables'!$C$5:$D$130,2,FALSE()),0),"?"))) | P13: =IF(H13="","",IFERROR(ROUND(VLOOKUP(INT(H13),'Tank Tables'!$E$5:$F$130,2,FALSE())+(H13-INT(H13))*(VLOOKUP(INT(H13)+1,'Tank Tables'!$E$5:$F$130,2,FALSE())-VLOOKUP(INT(H13),'Tank Tables'!$E$5:$F$130,2,FALSE())),0),IFERROR(ROUND(VLOOKUP(INT(H13),'Tank Tables'!$E$5:$F$130,2,FALSE()),0),"?"))) | Q13: =IF(I13="","",IFERROR(ROUND(VLOOKUP(INT(I13),'Tank Tables'!$G$5:$H$130,2,FALSE())+(I13-INT(I13))*(VLOOKUP(INT(I13)+1,'Tank Tables'!$G$5:$H$130,2,FALSE())-VLOOKUP(INT(I13),'Tank Tables'!$G$5:$H$130,2,FALSE())),0),IFERROR(ROUND(VLOOKUP(INT(I13),'Tank Tables'!$G$5:$H$130,2,FALSE()),0),"?"))) | R13: =IF(COUNT(J13:M13)=0,"",SUM(J13:M13)) | S13: =IF(COUNT(N13:Q13)=0,"",SUM(N13:Q13)) | T13: =IF(COUNT(R13:S13)=0,"",SUM(R13:S13)) | V13: =IF(T13="","",IF(T12="","",T12+U13-T13)) | W13: =IF(T13="","",Settings!$C$7-T13) | X13: =IF(T13="","",MAX(0,INT(W13/Settings!$C$8))) | Y13: =IF(T13="","",IF(X13>=2,"ROOM FOR "&X13&" TRUCKS",IF(X13=1,"ROOM FOR 1 TRUCK",""))) | AC13: =IF(COUNT(Z13:AA13)=0,"",SUM(Z13:AA13)) | AD13: =IF(AC13="","",IF(AC12="","",AC12+AB13-AC13)) | AG13: =IF(AE13="","",IF(AE12="","",AE12+AF13-AE13))
J14: =IF(B14="","",IFERROR(ROUND(VLOOKUP(INT(B14),'Tank Tables'!$A$5:$B$121,2,FALSE())+(B14-INT(B14))*(VLOOKUP(INT(B14)+1,'Tank Tables'!$A$5:$B$121,2,FALSE())-VLOOKUP(INT(B14),'Tank Tables'!$A$5:$B$121,2,FALSE())),0),IFERROR(ROUND(VLOOKUP(INT(B14),'Tank Tables'!$A$5:$B$121,2,FALSE()),0),"?"))) | K14: =IF(C14="","",IFERROR(ROUND(VLOOKUP(INT(C14),'Tank Tables'!$C$5:$D$130,2,FALSE())+(C14-INT(C14))*(VLOOKUP(INT(C14)+1,'Tank Tables'!$C$5:$D$130,2,FALSE())-VLOOKUP(INT(C14),'Tank Tables'!$C$5:$D$130,2,FALSE())),0),IFERROR(ROUND(VLOOKUP(INT(C14),'Tank Tables'!$C$5:$D$130,2,FALSE()),0),"?"))) | L14: =IF(D14="","",IFERROR(ROUND(VLOOKUP(INT(D14),'Tank Tables'!$E$5:$F$130,2,FALSE())+(D14-INT(D14))*(VLOOKUP(INT(D14)+1,'Tank Tables'!$E$5:$F$130,2,FALSE())-VLOOKUP(INT(D14),'Tank Tables'!$E$5:$F$130,2,FALSE())),0),IFERROR(ROUND(VLOOKUP(INT(D14),'Tank Tables'!$E$5:$F$130,2,FALSE()),0),"?"))) | M14: =IF(E14="","",IFERROR(ROUND(VLOOKUP(INT(E14),'Tank Tables'!$G$5:$H$130,2,FALSE())+(E14-INT(E14))*(VLOOKUP(INT(E14)+1,'Tank Tables'!$G$5:$H$130,2,FALSE())-VLOOKUP(INT(E14),'Tank Tables'!$G$5:$H$130,2,FALSE())),0),IFERROR(ROUND(VLOOKUP(INT(E14),'Tank Tables'!$G$5:$H$130,2,FALSE()),0),"?"))) | N14: =IF(F14="","",IFERROR(ROUND(VLOOKUP(INT(F14),'Tank Tables'!$A$5:$B$121,2,FALSE())+(F14-INT(F14))*(VLOOKUP(INT(F14)+1,'Tank Tables'!$A$5:$B$121,2,FALSE())-VLOOKUP(INT(F14),'Tank Tables'!$A$5:$B$121,2,FALSE())),0),IFERROR(ROUND(VLOOKUP(INT(F14),'Tank Tables'!$A$5:$B$121,2,FALSE()),0),"?"))) | O14: =IF(G14="","",IFERROR(ROUND(VLOOKUP(INT(G14),'Tank Tables'!$C$5:$D$130,2,FALSE())+(G14-INT(G14))*(VLOOKUP(INT(G14)+1,'Tank Tables'!$C$5:$D$130,2,FALSE())-VLOOKUP(INT(G14),'Tank Tables'!$C$5:$D$130,2,FALSE())),0),IFERROR(ROUND(VLOOKUP(INT(G14),'Tank Tables'!$C$5:$D$130,2,FALSE()),0),"?"))) | P14: =IF(H14="","",IFERROR(ROUND(VLOOKUP(INT(H14),'Tank Tables'!$E$5:$F$130,2,FALSE())+(H14-INT(H14))*(VLOOKUP(INT(H14)+1,'Tank Tables'!$E$5:$F$130,2,FALSE())-VLOOKUP(INT(H14),'Tank Tables'!$E$5:$F$130,2,FALSE())),0),IFERROR(ROUND(VLOOKUP(INT(H14),'Tank Tables'!$E$5:$F$130,2,FALSE()),0),"?"))) | Q14: =IF(I14="","",IFERROR(ROUND(VLOOKUP(INT(I14),'Tank Tables'!$G$5:$H$130,2,FALSE())+(I14-INT(I14))*(VLOOKUP(INT(I14)+1,'Tank Tables'!$G$5:$H$130,2,FALSE())-VLOOKUP(INT(I14),'Tank Tables'!$G$5:$H$130,2,FALSE())),0),IFERROR(ROUND(VLOOKUP(INT(I14),'Tank Tables'!$G$5:$H$130,2,FALSE()),0),"?"))) | R14: =IF(COUNT(J14:M14)=0,"",SUM(J14:M14)) | S14: =IF(COUNT(N14:Q14)=0,"",SUM(N14:Q14)) | T14: =IF(COUNT(R14:S14)=0,"",SUM(R14:S14)) | V14: =IF(T14="","",IF(T13="","",T13+U14-T14)) | W14: =IF(T14="","",Settings!$C$7-T14) | X14: =IF(T14="","",MAX(0,INT(W14/Settings!$C$8))) | Y14: =IF(T14="","",IF(X14>=2,"ROOM FOR "&X14&" TRUCKS",IF(X14=1,"ROOM FOR 1 TRUCK",""))) | AC14: =IF(COUNT(Z14:AA14)=0,"",SUM(Z14:AA14)) | AD14: =IF(AC14="","",IF(AC13="","",AC13+AB14-AC14)) | AG14: =IF(AE14="","",IF(AE13="","",AE13+AF14-AE14))
J15: =IF(B15="","",IFERROR(ROUND(VLOOKUP(INT(B15),'Tank Tables'!$A$5:$B$121,2,FALSE())+(B15-INT(B15))*(VLOOKUP(INT(B15)+1,'Tank Tables'!$A$5:$B$121,2,FALSE())-VLOOKUP(INT(B15),'Tank Tables'!$A$5:$B$121,2,FALSE())),0),IFERROR(ROUND(VLOOKUP(INT(B15),'Tank Tables'!$A$5:$B$121,2,FALSE()),0),"?"))) | K15: =IF(C15="","",IFERROR(ROUND(VLOOKUP(INT(C15),'Tank Tables'!$C$5:$D$130,2,FALSE())+(C15-INT(C15))*(VLOOKUP(INT(C15)+1,'Tank Tables'!$C$5:$D$130,2,FALSE())-VLOOKUP(INT(C15),'Tank Tables'!$C$5:$D$130,2,FALSE())),0),IFERROR(ROUND(VLOOKUP(INT(C15),'Tank Tables'!$C$5:$D$130,2,FALSE()),0),"?"))) | L15: =IF(D15="","",IFERROR(ROUND(VLOOKUP(INT(D15),'Tank Tables'!$E$5:$F$130,2,FALSE())+(D15-INT(D15))*(VLOOKUP(INT(D15)+1,'Tank Tables'!$E$5:$F$130,2,FALSE())-VLOOKUP(INT(D15),'Tank Tables'!$E$5:$F$130,2,FALSE())),0),IFERROR(ROUND(VLOOKUP(INT(D15),'Tank Tables'!$E$5:$F$130,2,FALSE()),0),"?"))) | M15: =IF(E15="","",IFERROR(ROUND(VLOOKUP(INT(E15),'Tank Tables'!$G$5:$H$130,2,FALSE())+(E15-INT(E15))*(VLOOKUP(INT(E15)+1,'Tank Tables'!$G$5:$H$130,2,FALSE())-VLOOKUP(INT(E15),'Tank Tables'!$G$5:$H$130,2,FALSE())),0),IFERROR(ROUND(VLOOKUP(INT(E15),'Tank Tables'!$G$5:$H$130,2,FALSE()),0),"?"))) | N15: =IF(F15="","",IFERROR(ROUND(VLOOKUP(INT(F15),'Tank Tables'!$A$5:$B$121,2,FALSE())+(F15-INT(F15))*(VLOOKUP(INT(F15)+1,'Tank Tables'!$A$5:$B$121,2,FALSE())-VLOOKUP(INT(F15),'Tank Tables'!$A$5:$B$121,2,FALSE())),0),IFERROR(ROUND(VLOOKUP(INT(F15),'Tank Tables'!$A$5:$B$121,2,FALSE()),0),"?"))) | O15: =IF(G15="","",IFERROR(ROUND(VLOOKUP(INT(G15),'Tank Tables'!$C$5:$D$130,2,FALSE())+(G15-INT(G15))*(VLOOKUP(INT(G15)+1,'Tank Tables'!$C$5:$D$130,2,FALSE())-VLOOKUP(INT(G15),'Tank Tables'!$C$5:$D$130,2,FALSE())),0),IFERROR(ROUND(VLOOKUP(INT(G15),'Tank Tables'!$C$5:$D$130,2,FALSE()),0),"?"))) | P15: =IF(H15="","",IFERROR(ROUND(VLOOKUP(INT(H15),'Tank Tables'!$E$5:$F$130,2,FALSE())+(H15-INT(H15))*(VLOOKUP(INT(H15)+1,'Tank Tables'!$E$5:$F$130,2,FALSE())-VLOOKUP(INT(H15),'Tank Tables'!$E$5:$F$130,2,FALSE())),0),IFERROR(ROUND(VLOOKUP(INT(H15),'Tank Tables'!$E$5:$F$130,2,FALSE()),0),"?"))) | Q15: =IF(I15="","",IFERROR(ROUND(VLOOKUP(INT(I15),'Tank Tables'!$G$5:$H$130,2,FALSE())+(I15-INT(I15))*(VLOOKUP(INT(I15)+1,'Tank Tables'!$G$5:$H$130,2,FALSE())-VLOOKUP(INT(I15),'Tank Tables'!$G$5:$H$130,2,FALSE())),0),IFERROR(ROUND(VLOOKUP(INT(I15),'Tank Tables'!$G$5:$H$130,2,FALSE()),0),"?"))) | R15: =IF(COUNT(J15:M15)=0,"",SUM(J15:M15)) | S15: =IF(COUNT(N15:Q15)=0,"",SUM(N15:Q15)) | T15: =IF(COUNT(R15:S15)=0,"",SUM(R15:S15)) | V15: =IF(T15="","",IF(T14="","",T14+U15-T15)) | W15: =IF(T15="","",Settings!$C$7-T15) | X15: =IF(T15="","",MAX(0,INT(W15/Settings!$C$8))) | Y15: =IF(T15="","",IF(X15>=2,"ROOM FOR "&X15&" TRUCKS",IF(X15=1,"ROOM FOR 1 TRUCK",""))) | AC15: =IF(COUNT(Z15:AA15)=0,"",SUM(Z15:AA15)) | AD15: =IF(AC15="","",IF(AC14="","",AC14+AB15-AC15)) | AG15: =IF(AE15="","",IF(AE14="","",AE14+AF15-AE15))
J16: =IF(B16="","",IFERROR(ROUND(VLOOKUP(INT(B16),'Tank Tables'!$A$5:$B$121,2,FALSE())+(B16-INT(B16))*(VLOOKUP(INT(B16)+1,'Tank Tables'!$A$5:$B$121,2,FALSE())-VLOOKUP(INT(B16),'Tank Tables'!$A$5:$B$121,2,FALSE())),0),IFERROR(ROUND(VLOOKUP(INT(B16),'Tank Tables'!$A$5:$B$121,2,FALSE()),0),"?"))) | K16: =IF(C16="","",IFERROR(ROUND(VLOOKUP(INT(C16),'Tank Tables'!$C$5:$D$130,2,FALSE())+(C16-INT(C16))*(VLOOKUP(INT(C16)+1,'Tank Tables'!$C$5:$D$130,2,FALSE())-VLOOKUP(INT(C16),'Tank Tables'!$C$5:$D$130,2,FALSE())),0),IFERROR(ROUND(VLOOKUP(INT(C16),'Tank Tables'!$C$5:$D$130,2,FALSE()),0),"?"))) | L16: =IF(D16="","",IFERROR(ROUND(VLOOKUP(INT(D16),'Tank Tables'!$E$5:$F$130,2,FALSE())+(D16-INT(D16))*(VLOOKUP(INT(D16)+1,'Tank Tables'!$E$5:$F$130,2,FALSE())-VLOOKUP(INT(D16),'Tank Tables'!$E$5:$F$130,2,FALSE())),0),IFERROR(ROUND(VLOOKUP(INT(D16),'Tank Tables'!$E$5:$F$130,2,FALSE()),0),"?"))) | M16: =IF(E16="","",IFERROR(ROUND(VLOOKUP(INT(E16),'Tank Tables'!$G$5:$H$130,2,FALSE())+(E16-INT(E16))*(VLOOKUP(INT(E16)+1,'Tank Tables'!$G$5:$H$130,2,FALSE())-VLOOKUP(INT(E16),'Tank Tables'!$G$5:$H$130,2,FALSE())),0),IFERROR(ROUND(VLOOKUP(INT(E16),'Tank Tables'!$G$5:$H$130,2,FALSE()),0),"?"))) | N16: =IF(F16="","",IFERROR(ROUND(VLOOKUP(INT(F16),'Tank Tables'!$A$5:$B$121,2,FALSE())+(F16-INT(F16))*(VLOOKUP(INT(F16)+1,'Tank Tables'!$A$5:$B$121,2,FALSE())-VLOOKUP(INT(F16),'Tank Tables'!$A$5:$B$121,2,FALSE())),0),IFERROR(ROUND(VLOOKUP(INT(F16),'Tank Tables'!$A$5:$B$121,2,FALSE()),0),"?"))) | O16: =IF(G16="","",IFERROR(ROUND(VLOOKUP(INT(G16),'Tank Tables'!$C$5:$D$130,2,FALSE())+(G16-INT(G16))*(VLOOKUP(INT(G16)+1,'Tank Tables'!$C$5:$D$130,2,FALSE())-VLOOKUP(INT(G16),'Tank Tables'!$C$5:$D$130,2,FALSE())),0),IFERROR(ROUND(VLOOKUP(INT(G16),'Tank Tables'!$C$5:$D$130,2,FALSE()),0),"?"))) | P16: =IF(H16="","",IFERROR(ROUND(VLOOKUP(INT(H16),'Tank Tables'!$E$5:$F$130,2,FALSE())+(H16-INT(H16))*(VLOOKUP(INT(H16)+1,'Tank Tables'!$E$5:$F$130,2,FALSE())-VLOOKUP(INT(H16),'Tank Tables'!$E$5:$F$130,2,FALSE())),0),IFERROR(ROUND(VLOOKUP(INT(H16),'Tank Tables'!$E$5:$F$130,2,FALSE()),0),"?"))) | Q16: =IF(I16="","",IFERROR(ROUND(VLOOKUP(INT(I16),'Tank Tables'!$G$5:$H$130,2,FALSE())+(I16-INT(I16))*(VLOOKUP(INT(I16)+1,'Tank Tables'!$G$5:$H$130,2,FALSE())-VLOOKUP(INT(I16),'Tank Tables'!$G$5:$H$130,2,FALSE())),0),IFERROR(ROUND(VLOOKUP(INT(I16),'Tank Tables'!$G$5:$H$130,2,FALSE()),0),"?"))) | R16: =IF(COUNT(J16:M16)=0,"",SUM(J16:M16)) | S16: =IF(COUNT(N16:Q16)=0,"",SUM(N16:Q16)) | T16: =IF(COUNT(R16:S16)=0,"",SUM(R16:S16)) | V16: =IF(T16="","",IF(T15="","",T15+U16-T16)) | W16: =IF(T16="","",Settings!$C$7-T16) | X16: =IF(T16="","",MAX(0,INT(W16/Settings!$C$8))) | Y16: =IF(T16="","",IF(X16>=2,"ROOM FOR "&X16&" TRUCKS",IF(X16=1,"ROOM FOR 1 TRUCK",""))) | AC16: =IF(COUNT(Z16:AA16)=0,"",SUM(Z16:AA16)) | AD16: =IF(AC16="","",IF(AC15="","",AC15+AB16-AC16)) | AG16: =IF(AE16="","",IF(AE15="","",AE15+AF16-AE16))
J17: =IF(B17="","",IFERROR(ROUND(VLOOKUP(INT(B17),'Tank Tables'!$A$5:$B$121,2,FALSE())+(B17-INT(B17))*(VLOOKUP(INT(B17)+1,'Tank Tables'!$A$5:$B$121,2,FALSE())-VLOOKUP(INT(B17),'Tank Tables'!$A$5:$B$121,2,FALSE())),0),IFERROR(ROUND(VLOOKUP(INT(B17),'Tank Tables'!$A$5:$B$121,2,FALSE()),0),"?"))) | K17: =IF(C17="","",IFERROR(ROUND(VLOOKUP(INT(C17),'Tank Tables'!$C$5:$D$130,2,FALSE())+(C17-INT(C17))*(VLOOKUP(INT(C17)+1,'Tank Tables'!$C$5:$D$130,2,FALSE())-VLOOKUP(INT(C17),'Tank Tables'!$C$5:$D$130,2,FALSE())),0),IFERROR(ROUND(VLOOKUP(INT(C17),'Tank Tables'!$C$5:$D$130,2,FALSE()),0),"?"))) | L17: =IF(D17="","",IFERROR(ROUND(VLOOKUP(INT(D17),'Tank Tables'!$E$5:$F$130,2,FALSE())+(D17-INT(D17))*(VLOOKUP(INT(D17)+1,'Tank Tables'!$E$5:$F$130,2,FALSE())-VLOOKUP(INT(D17),'Tank Tables'!$E$5:$F$130,2,FALSE())),0),IFERROR(ROUND(VLOOKUP(INT(D17),'Tank Tables'!$E$5:$F$130,2,FALSE()),0),"?"))) | M17: =IF(E17="","",IFERROR(ROUND(VLOOKUP(INT(E17),'Tank Tables'!$G$5:$H$130,2,FALSE())+(E17-INT(E17))*(VLOOKUP(INT(E17)+1,'Tank Tables'!$G$5:$H$130,2,FALSE())-VLOOKUP(INT(E17),'Tank Tables'!$G$5:$H$130,2,FALSE())),0),IFERROR(ROUND(VLOOKUP(INT(E17),'Tank Tables'!$G$5:$H$130,2,FALSE()),0),"?"))) | N17: =IF(F17="","",IFERROR(ROUND(VLOOKUP(INT(F17),'Tank Tables'!$A$5:$B$121,2,FALSE())+(F17-INT(F17))*(VLOOKUP(INT(F17)+1,'Tank Tables'!$A$5:$B$121,2,FALSE())-VLOOKUP(INT(F17),'Tank Tables'!$A$5:$B$121,2,FALSE())),0),IFERROR(ROUND(VLOOKUP(INT(F17),'Tank Tables'!$A$5:$B$121,2,FALSE()),0),"?"))) | O17: =IF(G17="","",IFERROR(ROUND(VLOOKUP(INT(G17),'Tank Tables'!$C$5:$D$130,2,FALSE())+(G17-INT(G17))*(VLOOKUP(INT(G17)+1,'Tank Tables'!$C$5:$D$130,2,FALSE())-VLOOKUP(INT(G17),'Tank Tables'!$C$5:$D$130,2,FALSE())),0),IFERROR(ROUND(VLOOKUP(INT(G17),'Tank Tables'!$C$5:$D$130,2,FALSE()),0),"?"))) | P17: =IF(H17="","",IFERROR(ROUND(VLOOKUP(INT(H17),'Tank Tables'!$E$5:$F$130,2,FALSE())+(H17-INT(H17))*(VLOOKUP(INT(H17)+1,'Tank Tables'!$E$5:$F$130,2,FALSE())-VLOOKUP(INT(H17),'Tank Tables'!$E$5:$F$130,2,FALSE())),0),IFERROR(ROUND(VLOOKUP(INT(H17),'Tank Tables'!$E$5:$F$130,2,FALSE()),0),"?"))) | Q17: =IF(I17="","",IFERROR(ROUND(VLOOKUP(INT(I17),'Tank Tables'!$G$5:$H$130,2,FALSE())+(I17-INT(I17))*(VLOOKUP(INT(I17)+1,'Tank Tables'!$G$5:$H$130,2,FALSE())-VLOOKUP(INT(I17),'Tank Tables'!$G$5:$H$130,2,FALSE())),0),IFERROR(ROUND(VLOOKUP(INT(I17),'Tank Tables'!$G$5:$H$130,2,FALSE()),0),"?"))) | R17: =IF(COUNT(J17:M17)=0,"",SUM(J17:M17)) | S17: =IF(COUNT(N17:Q17)=0,"",SUM(N17:Q17)) | T17: =IF(COUNT(R17:S17)=0,"",SUM(R17:S17)) | V17: =IF(T17="","",IF(T16="","",T16+U17-T17)) | W17: =IF(T17="","",Settings!$C$7-T17) | X17: =IF(T17="","",MAX(0,INT(W17/Settings!$C$8))) | Y17: =IF(T17="","",IF(X17>=2,"ROOM FOR "&X17&" TRUCKS",IF(X17=1,"ROOM FOR 1 TRUCK",""))) | AC17: =IF(COUNT(Z17:AA17)=0,"",SUM(Z17:AA17)) | AD17: =IF(AC17="","",IF(AC16="","",AC16+AB17-AC17)) | AG17: =IF(AE17="","",IF(AE16="","",AE16+AF17-AE17))
J18: =IF(B18="","",IFERROR(ROUND(VLOOKUP(INT(B18),'Tank Tables'!$A$5:$B$121,2,FALSE())+(B18-INT(B18))*(VLOOKUP(INT(B18)+1,'Tank Tables'!$A$5:$B$121,2,FALSE())-VLOOKUP(INT(B18),'Tank Tables'!$A$5:$B$121,2,FALSE())),0),IFERROR(ROUND(VLOOKUP(INT(B18),'Tank Tables'!$A$5:$B$121,2,FALSE()),0),"?"))) | K18: =IF(C18="","",IFERROR(ROUND(VLOOKUP(INT(C18),'Tank Tables'!$C$5:$D$130,2,FALSE())+(C18-INT(C18))*(VLOOKUP(INT(C18)+1,'Tank Tables'!$C$5:$D$130,2,FALSE())-VLOOKUP(INT(C18),'Tank Tables'!$C$5:$D$130,2,FALSE())),0),IFERROR(ROUND(VLOOKUP(INT(C18),'Tank Tables'!$C$5:$D$130,2,FALSE()),0),"?"))) | L18: =IF(D18="","",IFERROR(ROUND(VLOOKUP(INT(D18),'Tank Tables'!$E$5:$F$130,2,FALSE())+(D18-INT(D18))*(VLOOKUP(INT(D18)+1,'Tank Tables'!$E$5:$F$130,2,FALSE())-VLOOKUP(INT(D18),'Tank Tables'!$E$5:$F$130,2,FALSE())),0),IFERROR(ROUND(VLOOKUP(INT(D18),'Tank Tables'!$E$5:$F$130,2,FALSE()),0),"?"))) | M18: =IF(E18="","",IFERROR(ROUND(VLOOKUP(INT(E18),'Tank Tables'!$G$5:$H$130,2,FALSE())+(E18-INT(E18))*(VLOOKUP(INT(E18)+1,'Tank Tables'!$G$5:$H$130,2,FALSE())-VLOOKUP(INT(E18),'Tank Tables'!$G$5:$H$130,2,FALSE())),0),IFERROR(ROUND(VLOOKUP(INT(E18),'Tank Tables'!$G$5:$H$130,2,FALSE()),0),"?"))) | N18: =IF(F18="","",IFERROR(ROUND(VLOOKUP(INT(F18),'Tank Tables'!$A$5:$B$121,2,FALSE())+(F18-INT(F18))*(VLOOKUP(INT(F18)+1,'Tank Tables'!$A$5:$B$121,2,FALSE())-VLOOKUP(INT(F18),'Tank Tables'!$A$5:$B$121,2,FALSE())),0),IFERROR(ROUND(VLOOKUP(INT(F18),'Tank Tables'!$A$5:$B$121,2,FALSE()),0),"?"))) | O18: =IF(G18="","",IFERROR(ROUND(VLOOKUP(INT(G18),'Tank Tables'!$C$5:$D$130,2,FALSE())+(G18-INT(G18))*(VLOOKUP(INT(G18)+1,'Tank Tables'!$C$5:$D$130,2,FALSE())-VLOOKUP(INT(G18),'Tank Tables'!$C$5:$D$130,2,FALSE())),0),IFERROR(ROUND(VLOOKUP(INT(G18),'Tank Tables'!$C$5:$D$130,2,FALSE()),0),"?"))) | P18: =IF(H18="","",IFERROR(ROUND(VLOOKUP(INT(H18),'Tank Tables'!$E$5:$F$130,2,FALSE())+(H18-INT(H18))*(VLOOKUP(INT(H18)+1,'Tank Tables'!$E$5:$F$130,2,FALSE())-VLOOKUP(INT(H18),'Tank Tables'!$E$5:$F$130,2,FALSE())),0),IFERROR(ROUND(VLOOKUP(INT(H18),'Tank Tables'!$E$5:$F$130,2,FALSE()),0),"?"))) | Q18: =IF(I18="","",IFERROR(ROUND(VLOOKUP(INT(I18),'Tank Tables'!$G$5:$H$130,2,FALSE())+(I18-INT(I18))*(VLOOKUP(INT(I18)+1,'Tank Tables'!$G$5:$H$130,2,FALSE())-VLOOKUP(INT(I18),'Tank Tables'!$G$5:$H$130,2,FALSE())),0),IFERROR(ROUND(VLOOKUP(INT(I18),'Tank Tables'!$G$5:$H$130,2,FALSE()),0),"?"))) | R18: =IF(COUNT(J18:M18)=0,"",SUM(J18:M18)) | S18: =IF(COUNT(N18:Q18)=0,"",SUM(N18:Q18)) | T18: =IF(COUNT(R18:S18)=0,"",SUM(R18:S18)) | V18: =IF(T18="","",IF(T17="","",T17+U18-T18)) | W18: =IF(T18="","",Settings!$C$7-T18) | X18: =IF(T18="","",MAX(0,INT(W18/Settings!$C$8))) | Y18: =IF(T18="","",IF(X18>=2,"ROOM FOR "&X18&" TRUCKS",IF(X18=1,"ROOM FOR 1 TRUCK",""))) | AC18: =IF(COUNT(Z18:AA18)=0,"",SUM(Z18:AA18)) | AD18: =IF(AC18="","",IF(AC17="","",AC17+AB18-AC18)) | AG18: =IF(AE18="","",IF(AE17="","",AE17+AF18-AE18))
... J70: =IF(B70="","",IFERROR(ROUND(VLOOKUP(INT(B70),'Tank Tables'!$A$5:$B$121,2,FALSE())+(B70-INT(B70))*(VLOOKUP(INT(B70)+1,'Tank Tables'!$A$5:$B$121,2,FALSE())-VLOOKUP(INT(B70),'Tank Tables'!$A$5:$B$121,2,FALSE())),0),IFERROR(ROUND(VLOOKUP(INT(B70),'Tank Tables'!$A$5:$B$121,2,FALSE()),0),"?"))) | K70: =IF(C70="","",IFERROR(ROUND(VLOOKUP(INT(C70),'Tank Tables'!$C$5:$D$130,2,FALSE())+(C70-INT(C70))*(VLOOKUP(INT(C70)+1,'Tank Tables'!$C$5:$D$130,2,FALSE())-VLOOKUP(INT(C70),'Tank Tables'!$C$5:$D$130,2,FALSE())),0),IFERROR(ROUND(VLOOKUP(INT(C70),'Tank Tables'!$C$5:$D$130,2,FALSE()),0),"?"))) | L70: =IF(D70="","",IFERROR(ROUND(VLOOKUP(INT(D70),'Tank Tables'!$E$5:$F$130,2,FALSE())+(D70-INT(D70))*(VLOOKUP(INT(D70)+1,'Tank Tables'!$E$5:$F$130,2,FALSE())-VLOOKUP(INT(D70),'Tank Tables'!$E$5:$F$130,2,FALSE())),0),IFERROR(ROUND(VLOOKUP(INT(D70),'Tank Tables'!$E$5:$F$130,2,FALSE()),0),"?"))) | M70: =IF(E70="","",IFERROR(ROUND(VLOOKUP(INT(E70),'Tank Tables'!$G$5:$H$130,2,FALSE())+(E70-INT(E70))*(VLOOKUP(INT(E70)+1,'Tank Tables'!$G$5:$H$130,2,FALSE())-VLOOKUP(INT(E70),'Tank Tables'!$G$5:$H$130,2,FALSE())),0),IFERROR(ROUND(VLOOKUP(INT(E70),'Tank Tables'!$G$5:$H$130,2,FALSE()),0),"?"))) | N70: =IF(F70="","",IFERROR(ROUND(VLOOKUP(INT(F70),'Tank Tables'!$A$5:$B$121,2,FALSE())+(F70-INT(F70))*(VLOOKUP(INT(F70)+1,'Tank Tables'!$A$5:$B$121,2,FALSE())-VLOOKUP(INT(F70),'Tank Tables'!$A$5:$B$121,2,FALSE())),0),IFERROR(ROUND(VLOOKUP(INT(F70),'Tank Tables'!$A$5:$B$121,2,FALSE()),0),"?"))) | O70: =IF(G70="","",IFERROR(ROUND(VLOOKUP(INT(G70),'Tank Tables'!$C$5:$D$130,2,FALSE())+(G70-INT(G70))*(VLOOKUP(INT(G70)+1,'Tank Tables'!$C$5:$D$130,2,FALSE())-VLOOKUP(INT(G70),'Tank Tables'!$C$5:$D$130,2,FALSE())),0),IFERROR(ROUND(VLOOKUP(INT(G70),'Tank Tables'!$C$5:$D$130,2,FALSE()),0),"?"))) | P70: =IF(H70="","",IFERROR(ROUND(VLOOKUP(INT(H70),'Tank Tables'!$E$5:$F$130,2,FALSE())+(H70-INT(H70))*(VLOOKUP(INT(H70)+1,'Tank Tables'!$E$5:$F$130,2,FALSE())-VLOOKUP(INT(H70),'Tank Tables'!$E$5:$F$130,2,FALSE())),0),IFERROR(ROUND(VLOOKUP(INT(H70),'Tank Tables'!$E$5:$F$130,2,FALSE()),0),"?"))) | Q70: =IF(I70="","",IFERROR(ROUND(VLOOKUP(INT(I70),'Tank Tables'!$G$5:$H$130,2,FALSE())+(I70-INT(I70))*(VLOOKUP(INT(I70)+1,'Tank Tables'!$G$5:$H$130,2,FALSE())-VLOOKUP(INT(I70),'Tank Tables'!$G$5:$H$130,2,FALSE())),0),IFERROR(ROUND(VLOOKUP(INT(I70),'Tank Tables'!$G$5:$H$130,2,FALSE()),0),"?"))) | R70: =IF(COUNT(J70:M70)=0,"",SUM(J70:M70)) | S70: =IF(COUNT(N70:Q70)=0,"",SUM(N70:Q70)) | T70: =IF(COUNT(R70:S70)=0,"",SUM(R70:S70)) | V70: =IF(T70="","",IF(T69="","",T69+U70-T70)) | W70: =IF(T70="","",Settings!$C$7-T70) | X70: =IF(T70="","",MAX(0,INT(W70/Settings!$C$8))) | Y70: =IF(T70="","",IF(X70>=2,"ROOM FOR "&X70&" TRUCKS",IF(X70=1,"ROOM FOR 1 TRUCK",""))) | AC70: =IF(COUNT(Z70:AA70)=0,"",SUM(Z70:AA70)) | AD70: =IF(AC70="","",IF(AC69="","",AC69+AB70-AC70)) | AG70: =IF(AE70="","",IF(AE69="","",AE69+AF70-AE70))

Sheet Settings
B2: Settings
B3: Cream cells are yours to change. The Dashboard and Daily Log alerts use the capacity and truck size here.
B5: BOAT
B6: Boat name | C6: M/V A. Steven Crowley
B7: Full capacity (gal) — what she holds topped off | C7: 91500 | D7: Used for Room to Full and the truck alerts.
B8: Truck load (gal) | C8: 7500 | D8: One truck on the upper Mississippi. 2 trucks = 15,000.
B10: FILL MARKS (inches, from Steve's fueling sheet)
B11: Tank #2 | C11: 106
B12: Tank #3 | C12: 118
B13: Tank #4 | C13: 118
B14: Tank #5 | C14: 118
B15: Capacity at those marks, all 8 tanks (from the tables) | C15: =2*(VLOOKUP(C11,'Tank Tables'!$A$5:$B$121,2,FALSE())+VLOOKUP(C12,'Tank Tables'!$C$5:$D$130,2,FALSE())+VLOOKUP(C13,'Tank Tables'!$E$5:$F$130,2,FALSE())+VLOOKUP(C14,'Tank Tables'!$G$5:$H$130,2,FALSE())) -> 93908 | D15: Reference only — the alerts use C7.
B16: Mark in the 3s and 4s to open the 5s (inches) | C16: 40 | D16: From Steve's sheet.
B18: HOW TO USE
B19: 1. Daily Log, row 5 is the opening balance — type yesterday's total fuel, lube total and potable water there once.
B20: 2. Each day: date, the eight soundings in inches (half inches are fine), fuel received, lube and water figures.
B21: 3. Gallons, totals, fuel used, room to full and the truck alert fill in on their own. The Dashboard shows the latest day.
B22: 4. Fill the rows in order with no gaps — each day's Used compares against the row above.
B23: 5. A '?' in a gallons cell means the sounding is outside the table, or has a quote mark typed in it.
B24: 6. Need more rows? Copy the last row down — the formulas carry.

Sheet Tank Tables
A1: Tank Tables — M/V A. Steven Crowley
A2: Inches → gallons. Same table for port and starboard. Highlighted rows are Steve's fill marks; blue row is the 40" mark for opening the 5s.
A3: TANK #2 | C3: TANK #3 | E3: TANK #4 | G3: TANK #5
A4: Inches | B4: Gallons | C4: Inches | D4: Gallons | E4: Inches | F4: Gallons | G4: Inches | H4: Gallons | J4: Notes
A5: 0 | B5: 494 | C5: 0 | D5: 22 | E5: 0 | F5: 31 | G5: 0 | H5: 2 | J5: Transcribed from the binder tank-table pages. Tank #2 runs to 116", the others to 125".
A6: 1 | B6: 563 | C6: 1 | D6: 74 | E6: 1 | F6: 90 | G6: 1 | H6: 31 | J6: Tank #3 at 41" uses 4,156 — the binder's handwritten correction of the printed 4,555 misprint.
A7: 2 | B7: 637 | C7: 2 | D7: 132 | E7: 2 | F7: 151 | G7: 2 | H7: 63 | J7: Boxed marks on the binder pages: #2 104", #3 118", #4 118", #5 117". Steve's fueling sheet: #2 106", #3/#4/#5 118".
A8: 3 | B8: 713 | C8: 3 | D8: 195 | E8: 3 | F8: 217 | G8: 3 | H8: 100 | J8: The Daily Log looks these up and interpolates half inches (91.5" reads halfway between 91 and 92).
A9: 4 | B9: 791 | C9: 4 | D9: 265 | E9: 4 | F9: 286 | G9: 4 | H9: 142
A10: 5 | B10: 874 | C10: 5 | D10: 338 | E10: 5 | F10: 358 | G10: 5 | H10: 188
A11: 6 | B11: 959 | C11: 6 | D11: 417 | E11: 6 | F11: 434 | G11: 6 | H11: 239
A12: 7 | B12: 1046 | C12: 7 | D12: 503 | E12: 7 | F12: 513 | G12: 7 | H12: 293
A13: 8 | B13: 1138 | C13: 8 | D13: 592 | E13: 8 | F13: 595 | G13: 8 | H13: 352
A14: 9 | B14: 1232 | C14: 9 | D14: 688 | E14: 9 | F14: 681 | G14: 9 | H14: 416
A15: 10 | B15: 1329 | C15: 10 | D15: 789 | E15: 10 | F15: 771 | G15: 10 | H15: 484
A16: 11 | B16: 1429 | C16: 11 | D16: 895 | E16: 11 | F16: 863 | G16: 11 | H16: 555
A17: 12 | B17: 1532 | C17: 12 | D17: 1007 | E17: 12 | F17: 959 | G17: 12 | H17: 632
A18: 13 | B18: 1647 | C18: 13 | D18: 1113 | E18: 13 | F18: 1037 | G18: 13 | H18: 695
A19: 14 | B19: 1762 | C19: 14 | D19: 1218 | E19: 14 | F19: 1116 | G19: 14 | H19: 760
A20: 15 | B20: 1878 | C20: 15 | D20: 1323 | E20: 15 | F20: 1194 | G20: 15 | H20: 826
... A121: 116 | B121: 17050 | C121: 116 | D121: 12407 | E121: 116 | F121: 9460 | G121: 116 | H121: 9068
C122: 117 | D122: 12516 | E122: 117 | F122: 9540 | G122: 117 | H122: 9151
C123: 118 | D123: 12624 | E123: 118 | F123: 9622 | G123: 118 | H123: 9234
C124: 119 | D124: 12733 | E124: 119 | F124: 9704 | G124: 119 | H124: 9318
C125: 120 | D125: 12842 | E125: 120 | F125: 9785 | G125: 120 | H125: 9401
C126: 121 | D126: 12950 | E126: 121 | F126: 9867 | G126: 121 | H126: 9484
C127: 122 | D127: 13059 | E127: 122 | F127: 9948 | G127: 122 | H127: 9568
C128: 123 | D128: 13168 | E128: 123 | F128: 10030 | G128: 123 | H128: 9651
C129: 124 | D129: 13276 | E129: 124 | F129: 10110 | G129: 124 | H129: 9734
C130: 125 | D130: 13385 | E130: 125 | F130: 10192 | G130: 125 | H130: 9817
